{
  "hash": "a5d8df69",
  "configHash": "c2b92cd8",
  "lockfileHash": "7a53d2e2",
  "browserHash": "7dad5547",
  "optimized": {
    "@angular/core": {
      "src": "../../../../../node_modules/@angular/core/fesm2022/core.mjs",
      "file": "@angular_core.js",
      "fileHash": "58b27d8e",
      "needsInterop": false
    },
    "@angular/platform-browser": {
      "src": "../../../../../node_modules/@angular/platform-browser/fesm2022/platform-browser.mjs",
      "file": "@angular_platform-browser.js",
      "fileHash": "09abc328",
      "needsInterop": false
    },
    "@angular/router": {
      "src": "../../../../../node_modules/@angular/router/fesm2022/router.mjs",
      "file": "@angular_router.js",
      "fileHash": "deac9199",
      "needsInterop": false
    }
  },
  "chunks": {
    "chunk-2HVGG22W": {
      "file": "chunk-2HVGG22W.js"
    },
    "chunk-KR6GKBAP": {
      "file": "chunk-KR6GKBAP.js"
    }
  }
}