{
  "hash": "5e7e3e48",
  "configHash": "60fa18cd",
  "lockfileHash": "2921dd73",
  "browserHash": "6783e276",
  "optimized": {
    "@angular/core": {
      "src": "../../../../../node_modules/@angular/core/fesm2022/core.mjs",
      "file": "@angular_core.js",
      "fileHash": "eb736b8f",
      "needsInterop": false
    },
    "@angular/platform-browser": {
      "src": "../../../../../node_modules/@angular/platform-browser/fesm2022/platform-browser.mjs",
      "file": "@angular_platform-browser.js",
      "fileHash": "44884ed1",
      "needsInterop": false
    },
    "rxjs": {
      "src": "../../../../../node_modules/rxjs/dist/esm5/index.js",
      "file": "rxjs.js",
      "fileHash": "d1e22e98",
      "needsInterop": false
    }
  },
  "chunks": {
    "chunk-LJG4RJZJ": {
      "file": "chunk-LJG4RJZJ.js"
    },
    "chunk-R7GQRDZ6": {
      "file": "chunk-R7GQRDZ6.js"
    }
  }
}